name,phone_num,email,company,job,ipv4
李勇,15508116858,leijie@example.com,和泰传媒有限公司,空调维修,10.227.209.153
原浩,15170284123,xiuying86@example.org,诺依曼软件信息有限公司,首席运营官COO,44.224.113.234
严想,18027230654,yongye@example.com,快讯信息有限公司,其他,106.248.101.227
邱秀云,15525244404,yongshao@example.net,通际名联网络有限公司,高级硬件工程师,20.250.64.220
文红梅,13823256592,liaotao@example.net,鸿睿思博网络有限公司,刨工,25.171.225.55
吕玲,13019522042,na05@example.org,雨林木风计算机传媒有限公司,公司业务部门经理/主管,168.82.210.221
彭帆,18866190331,xiulan26@example.com,创汇科技有限公司,采购员,128.238.147.134
张丽,14799793362,leijing@example.com,创汇网络有限公司,药库主任/药剂师,85.0.231.202
燕平,13237046029,shiping@example.com,飞海科技科技有限公司,西餐厨师,140.137.106.173
黄柳,14588146159,xiuying32@example.org,华远软件信息有限公司,销售助理,98.185.73.244
高宁,13162206920,chao36@example.com,商软冠联科技有限公司,专业顾问,161.42.166.66
罗玉英,18670733767,xueguiying@example.net,飞海科技传媒有限公司,大数据开发/分析,136.198.49.63
董涛,18586159299,fyin@example.com,凌云传媒有限公司,保险内勤,43.122.182.79
傅兵,13814120486,vyin@example.org,天益信息有限公司,技术文员/助理,58.107.223.240
阎颖,18985653505,jingxue@example.org,恩悌传媒有限公司,导演/编导,128.134.138.32
王建华,13642892676,juan73@example.com,MBP软件信息有限公司,通信技术工程师,148.184.155.227
樊莉,18032093527,jinghe@example.net,同兴万点网络有限公司,装配工程师/技师,222.77.66.82
朱旭,15647474777,jduan@example.com,信诚致远科技有限公司,大学教授,220.91.208.68
黄涛,15122353138,gang93@example.org,易动力信息有限公司,售前/售后技术支持工程师,178.177.49.14
罗畅,18793325416,rshi@example.net,鑫博腾飞信息有限公司,固定资产会计,77.215.96.1
吴雪梅,18628015286,emeng@example.com,鸿睿思博网络有限公司,列车/地铁车长,206.97.62.14
车桂珍,13616877292,ecao@example.org,维旺明网络有限公司,货运司机,23.135.116.51
李桂芝,13421505174,wujun@example.org,东方峻景网络有限公司,有线传输工程师,192.234.5.86
康勇,15737736725,rye@example.net,诺依曼软件科技有限公司,调墨技师,173.29.234.201
张涛,13026485400,yinping@example.com,海创网络有限公司,公司业务部门经理/主管,94.40.159.139
朱斌,13250121902,yongqian@example.com,海创网络有限公司,市场通路经理/主管,11.177.135.46
姜东,13706725140,lidai@example.net,开发区世创网络有限公司,营业部大堂经理,100.133.181.217
陈波,13036884586,ming92@example.org,中建创业传媒有限公司,足疗,191.30.167.246
许刚,18851750394,min02@example.org,海创科技有限公司,其他,61.179.80.41
李淑兰,13636618517,ping29@example.org,新格林耐特网络有限公司,法务经理,176.212.230.130
匡敏,14531091162,wangang@example.com,思优传媒有限公司,单证员,131.48.235.70
唐桂荣,15716447495,juanwang@example.com,明腾网络有限公司,培训督导,205.14.250.203
李红霞,18558879576,juan88@example.com,东方峻景信息有限公司,服装/纺织设计总监,42.178.127.248
陈波,13002352889,yejun@example.net,超艺网络有限公司,资产评估/分析,184.110.110.97
范伟,14786860711,xia16@example.org,晖来计算机信息有限公司,礼仪/迎宾,187.107.147.93
黄刚,13684144252,juan71@example.net,数字100网络有限公司,岩土工程,97.110.0.210
潘娜,14506618607,pinghou@example.com,七喜科技有限公司,销售助理,59.2.111.176
卢帆,15345528286,yang39@example.net,七喜网络有限公司,物料经理,156.229.235.135
洪颖,15878783190,jie77@example.net,趋势信息有限公司,叉车/铲车工,126.231.253.14
冯丽丽,13008536290,maxiuying@example.net,国讯网络有限公司,配置管理工程师,214.218.22.132
刘秀兰,15730784601,minzheng@example.com,昊嘉信息有限公司,资金专员,219.191.34.59
邓超,13101244412,xcai@example.org,精芯传媒有限公司,其他,162.151.135.22
高旭,18936654935,osong@example.com,戴硕电子网络有限公司,医疗器械维修人员,25.178.26.68
聂宇,15981174252,ucao@example.org,时刻科技有限公司,其他,49.51.152.62
黄秀华,13999675820,jun56@example.com,四通信息有限公司,建筑工程与装潢,137.238.172.79
史峰,13526007307,ming56@example.com,创汇科技有限公司,文案/策划,173.242.252.172
刘娟,15246438063,taogong@example.org,南康网络有限公司,网店淘宝,131.5.41.233
刘健,13845492402,na13@example.org,凌颖信息科技有限公司,培训讲师,47.194.135.66
袁秀芳,13400491216,chaoxue@example.net,精芯传媒有限公司,公司业务客户经理,126.54.214.164
李燕,18037804875,lixu@example.com,浙大万朋信息有限公司,机修工,46.199.139.197
李建,15771495587,jie37@example.com,泰麒麟网络有限公司,可靠度工程师,15.200.22.64
刘红梅,18728751281,chaohuang@example.org,开发区世创科技有限公司,企业秘书/董事会秘书,117.148.8.158
姚晨,18526595082,panjun@example.org,兰金电子科技有限公司,团购经理/主管,3.7.145.81
罗凯,18861854774,luolei@example.net,鑫博腾飞科技有限公司,抹灰工,16.226.240.193
张军,15084487336,yan21@example.net,彩虹科技有限公司,安全员,113.120.57.214
李玉华,15581083899,ckong@example.com,创汇信息有限公司,后勤,92.154.158.106
陈秀英,13485293591,tyan@example.com,恒聪百汇信息有限公司,艺术指导/舞台美术设计,20.250.106.218
王婷婷,13327970968,houyong@example.com,四通信息有限公司,服装/纺织/皮革工艺师,116.157.193.125
宗华,18298684985,maomin@example.org,飞海科技信息有限公司,IT-品管、技术支持及其它,7.64.133.57
李楠,13611916494,rxia@example.com,方正科技科技有限公司,其他语种翻译,181.63.31.151
施秀芳,14726395107,emao@example.net,合联电子传媒有限公司,激光/光电子技术,116.4.111.84
黄淑兰,15033975922,juan08@example.com,诺依曼软件传媒有限公司,建筑工程与装潢,137.59.131.79
廖亮,13222120016,wulei@example.org,黄石金承科技有限公司,艺术/设计总监,39.24.90.244
刘秀梅,15635320675,tao71@example.com,昂歌信息信息有限公司,其他,96.94.137.147
王瑜,14784489117,dugang@example.org,华泰通安科技有限公司,资金经理/主管,182.95.77.219
张红,18250009026,chaojiang@example.com,国讯科技有限公司,模具工,210.204.218.41
黄博,18880071643,ltao@example.net,联软信息有限公司,销售行政专员,19.74.75.247
许辉,18519504257,jieduan@example.net,双敏电子信息有限公司,营运主管,62.254.131.25
朱军,14721768702,jie98@example.com,信诚致远科技有限公司,其他,158.73.120.137
唐伟,15942907010,wanjun@example.com,盟新传媒有限公司,涂料研发工程师,186.232.43.75
丁桂花,13160927760,jiaguiying@example.org,兰金电子信息有限公司,炼胶工,201.45.99.14
杨玉梅,15312480592,chao05@example.net,南康网络有限公司,驾校教练,159.133.166.40
彭建国,15799854477,chaoqian@example.com,凌颖信息科技有限公司,保洁,30.125.228.189
龚欢,13462314719,phan@example.com,雨林木风计算机网络有限公司,资产评估/分析,103.74.83.250
黄兰英,18582686495,jun58@example.net,巨奥信息有限公司,银行柜员,214.22.232.129
李涛,13535773317,gang91@example.net,襄樊地球村科技有限公司,客运司机,70.248.173.225
宫洁,18926798371,fang17@example.net,盟新传媒有限公司,漂染工,53.200.111.113
刘丽,13106616418,ganggao@example.com,恒聪百汇网络有限公司,施工开料工,211.125.164.181
路刚,15269289030,fang63@example.com,济南亿次元信息有限公司,其他,66.230.59.82
陈静,15589097658,rliu@example.com,飞海科技信息有限公司,产品/品牌专员,61.69.15.157
林敏,15138388179,jun20@example.org,创联世纪网络有限公司,编辑出版,206.120.51.26
陈刚,13074490608,minglai@example.com,华成育卓网络有限公司,SPA 技师,109.22.158.178
余阳,13249327294,jingsun@example.net,济南亿次元信息有限公司,团购业务员,25.136.100.236
张建国,13273103326,jjin@example.org,群英传媒有限公司,其他,105.254.173.234
傅强,15995537726,min27@example.com,方正科技传媒有限公司,数据库工程师/管理员,140.254.148.215
李楠,18021534514,lei18@example.org,方正科技科技有限公司,美容师,59.55.103.22
曹志强,18733179608,mdu@example.org,新格林耐特科技有限公司,合伙人,222.28.68.16
薛丽,13875516232,taojun@example.net,佳禾传媒有限公司,烫金工,125.181.68.191
陈欢,14787268291,nachang@example.net,昊嘉网络有限公司,保险培训师,216.14.192.177
郝慧,13965641657,yanli@example.net,易动力网络有限公司,系统集成工程师,99.29.66.4
刘雷,13587674954,jing04@example.org,维涛信息有限公司,外语培训师,54.140.182.87
陈刚,15584911204,ming32@example.com,易动力传媒有限公司,其他,205.195.243.43
欧琴,13626775396,ping69@example.com,商软冠联科技有限公司,高级业务跟单,137.83.216.120
庄楠,15822071188,taomeng@example.org,东方峻景网络有限公司,送餐员,7.38.220.183
刘秀荣,15041683956,shenming@example.net,时空盒数字网络有限公司,法语翻译,128.42.195.59
刘婷,15242828662,guiying56@example.net,创汇科技有限公司,汽车电子工程师,218.116.61.79
胡建,15691765712,taocheng@example.org,联软科技有限公司,配菜/打荷,113.192.27.211
宋畅,13115203280,guiyingyang@example.org,九方信息有限公司,培训生,105.163.227.159
宫云,18153906831,yongliang@example.net,诺依曼软件网络有限公司,印刷机械机长,151.176.91.88
杨淑英,18544881637,taoqiao@example.net,华远软件网络有限公司,结构工程师,214.201.75.145
